CREATE DATABASE  IF NOT EXISTS `laklak` /*!40100 DEFAULT CHARACTER SET utf8 */;
USE `laklak`;
-- MySQL dump 10.13  Distrib 5.7.17, for Linux (x86_64)
--
-- Host: localhost    Database: laklak
-- ------------------------------------------------------
-- Server version	5.7.17-0ubuntu0.16.04.1

/*!40101 SET @OLD_CHARACTER_SET_CLIENT=@@CHARACTER_SET_CLIENT */;
/*!40101 SET @OLD_CHARACTER_SET_RESULTS=@@CHARACTER_SET_RESULTS */;
/*!40101 SET @OLD_COLLATION_CONNECTION=@@COLLATION_CONNECTION */;
/*!40101 SET NAMES utf8 */;
/*!40103 SET @OLD_TIME_ZONE=@@TIME_ZONE */;
/*!40103 SET TIME_ZONE='+00:00' */;
/*!40014 SET @OLD_UNIQUE_CHECKS=@@UNIQUE_CHECKS, UNIQUE_CHECKS=0 */;
/*!40014 SET @OLD_FOREIGN_KEY_CHECKS=@@FOREIGN_KEY_CHECKS, FOREIGN_KEY_CHECKS=0 */;
/*!40101 SET @OLD_SQL_MODE=@@SQL_MODE, SQL_MODE='NO_AUTO_VALUE_ON_ZERO' */;
/*!40111 SET @OLD_SQL_NOTES=@@SQL_NOTES, SQL_NOTES=0 */;

--
-- Table structure for table `admin`
--

DROP TABLE IF EXISTS `admin`;
/*!40101 SET @saved_cs_client     = @@character_set_client */;
/*!40101 SET character_set_client = utf8 */;
CREATE TABLE `admin` (
  `id` int(11) NOT NULL AUTO_INCREMENT,
  `email` varchar(255) NOT NULL,
  `password` varchar(255) NOT NULL,
  PRIMARY KEY (`id`)
) ENGINE=InnoDB AUTO_INCREMENT=2 DEFAULT CHARSET=utf8;
/*!40101 SET character_set_client = @saved_cs_client */;

--
-- Dumping data for table `admin`
--

LOCK TABLES `admin` WRITE;
/*!40000 ALTER TABLE `admin` DISABLE KEYS */;
INSERT INTO `admin` VALUES (1,'jb.hallassou@gmail.com','5284441a462de9e3c547ebb964fc774e7f32ff83');
/*!40000 ALTER TABLE `admin` ENABLE KEYS */;
UNLOCK TABLES;

--
-- Table structure for table `artist`
--

DROP TABLE IF EXISTS `artist`;
/*!40101 SET @saved_cs_client     = @@character_set_client */;
/*!40101 SET character_set_client = utf8 */;
CREATE TABLE `artist` (
  `id` int(11) NOT NULL AUTO_INCREMENT,
  `artistname` varchar(100) NOT NULL,
  `artistbio` text NOT NULL,
  `artistlaklak` tinyint(1) NOT NULL,
  `artistwebsiteurl` varchar(255) DEFAULT NULL,
  `artistfacebookurl` varchar(255) DEFAULT NULL,
  `artisttwitterurl` varchar(255) DEFAULT NULL,
  `artisttumblrurl` varchar(255) DEFAULT NULL,
  `artistvimeourl` varchar(255) DEFAULT NULL,
  `artistsoundcloudurl` varchar(255) DEFAULT NULL,
  `artistiframesoundcloud` text,
  `artistinstagramurl` varchar(255) DEFAULT NULL,
  `artistiframeyoutube` text,
  `artistimgcoverpath` varchar(255) DEFAULT NULL,
  `artistimgprofilpath` varchar(255) DEFAULT NULL,
  `artistidevent` int(11) DEFAULT NULL,
  `artistiframefacebook` text,
  `artistdisco` text,
  PRIMARY KEY (`id`),
  KEY `fk_artist_1_idx` (`artistidevent`),
  CONSTRAINT `fk_artist_1` FOREIGN KEY (`artistidevent`) REFERENCES `event` (`id`) ON DELETE NO ACTION ON UPDATE NO ACTION
) ENGINE=InnoDB AUTO_INCREMENT=8 DEFAULT CHARSET=utf8;
/*!40101 SET character_set_client = @saved_cs_client */;

--
-- Dumping data for table `artist`
--

LOCK TABLES `artist` WRITE;
/*!40000 ALTER TABLE `artist` DISABLE KEYS */;
INSERT INTO `artist` VALUES (1,'Ayoub El Machatt','<p>Ayoub El Machatt est un artiste marocain, compositeur et musicien multi-instrumentiste qui s&rsquo;int&eacute;resse principalement au Funk exp&eacute;rimental, au Jazz et plus particuli&egrave;rement &agrave; l&rsquo;improvisation.&nbsp;</p>\r\n\r\n<p>N&eacute; &agrave; K&eacute;nitra (Maroc) en 1993, il montre tr&egrave;s jeune un int&eacute;r&ecirc;t particulier pour la musique, en suivant des cours de violon classique au conservatoire. Tr&egrave;s curieux et berc&eacute; par diff&eacute;rents styles, il se lance en autodidacte dans l&rsquo;apprentissage de nombreux instruments, tout en assimilant plusieurs genres musicaux. Tr&egrave;s impr&eacute;gn&eacute; deGhiwane&ndash;&laquo; sa premi&egrave;re &eacute;cole &raquo; &ndash; au d&eacute;part, il s&rsquo;est de plus en plus int&eacute;ress&eacute; au Blues, au Rockabily, au Funk pour finalement se perdre dans les d&eacute;dales du Jazz.</p>\r\n\r\n<p>Il se fait rapidement conna&icirc;tre aupr&egrave;s du public gr&acirc;ce au buzz suscit&eacute; par ses vid&eacute;os de One-man-band, concept novateur qu&rsquo;il s&rsquo;est appropri&eacute; et qu&rsquo;il a adapt&eacute; pour la sc&egrave;ne marocaine. Il s&rsquo;enrichit &eacute;galement de diverses collaborations et exp&eacute;riences, en composant pour du th&eacute;&acirc;tre, des courts-m&eacute;trages, du slam et de la danse contemporaine, ce qui lui permet d&rsquo;aborder la musique autrement avec de nouvelles approches.</p>\r\n\r\n<p>Il fait ses d&eacute;buts sur sc&egrave;ne &agrave; travers l&rsquo;exp&eacute;rience Ayoub El Machatt &amp; friends, groupe d&rsquo;inspiration Blues &amp; Funk, en compagnie duquel il a jou&eacute; une s&eacute;rie de concerts au Maroc en 2014 et 2015.</p>\r\n',1,'http://www.ayoubelmachatt.com/','https://www.facebook.com/ayoub.elmachatt.fanpage/','','','','https://soundcloud.com/ayoub-el-machatt','https://w.soundcloud.com/player/?url=https%3A//api.soundcloud.com/users/12978134&amp;auto_play=false&amp;hide_related=false&amp;show_comments=true&amp;show_user=true&amp;show_reposts=false&amp;visual=true','','https://www.youtube.com/embed/iMIiCp6Z7Ng','images/Upload/Artiste/ayoubcover2.jpg','images/Upload/Artiste/ayoub11.jpg',NULL,'','<p><img alt=\"\" src=\"http://localhost/dossiercreaphp/orleans-0217-laklak/web/images/Upload/Disco/84fb8ea.jpg\" style=\"height:150px; width:150px\" /></p>\r\n'),(2,'Emel Mathlouthi','<p>Cr&eacute;atrice et compositeure tunisienne, Emel revient avec second album Ensen produit par son propre label Dz Little Human Recordsdz sorti sur Partisan Records le 24 f&eacute;vrier 2017. Le premier album d&#39;Emel, Kelmti Horra (My Word is Free), a pr&eacute;sent&eacute; son mariage r&eacute;volutionnaire de sons impr&eacute;gn&eacute;s en Tunisie et en sons &eacute;lectroniques.</p>\r\n\r\n<p>Sur Ensen, elle a fusionn&eacute; avec un style qui est encore plus unique, combinant des sons organiques et &eacute;lectroniques pour produire un disque qui fera appel &agrave; tout amoureux de musique innovante et sinc&egrave;re.</p>\r\n\r\n<p>En l&#39;&eacute;coutant vous entendrez une personne qui refuse de compromettre, une vision ardente fond&eacute;e sur des risques r&eacute;els et la n&eacute;cessit&eacute; d&#39;une certaine v&eacute;rit&eacute;. Dz- Pitchfork Dz C&#39;est la gamme &eacute;tonnante et la sensibilit&eacute; de la voix de Mathlouthi qui est la plus convaincante.</p>\r\n\r\n<p>Il y a des cris et des cro&ucirc;tes qui rappellent Bjork et m&ecirc;me des traces de son pass&eacute; gothique alors qu&#39;elle choisit des lignes minimes et r&eacute;verb&eacute;rantes sur la guitare &eacute;lectrique qui te font te demander si elle a &eacute;galement &eacute;cout&eacute; le xx.dz. The Guardian &quot;Enthralling!&quot; - The New York Times &quot;Elle est fascinante, de la douceur m&eacute;lang&eacute;e &agrave; la puissance &agrave; pleine gorge.&quot; - The FT &quot;Voici une diva du monde avec une diff&eacute;rence&quot; - The Observer &quot;Le son de Mathlouthi emprunte &agrave; la tradition et l&#39;infuse avec une &eacute;lectronique &agrave; l&#39;avant-plan d&#39;une mani&egrave;re qui excite les oreilles et l&#39;esprit. C&#39;est sa voix et ses paroles qui excitent le c&oelig;ur . &quot;- City Revealed, Iowa</p>\r\n',0,'http://emelmathlouthi.com/','https://www.facebook.com/E.Mathlouthi','','','','https://soundcloud.com/emel-mathlouthi','https://w.soundcloud.com/player/?url=https%3A//api.soundcloud.com/users/39453249&amp;auto_play=false&amp;hide_related=false&amp;show_comments=true&amp;show_user=true&amp;show_reposts=false&amp;visual=true\"','','https://www.youtube.com/embed/TXv5ByGSsbA','images/Upload/Artiste/emelcover1.jpg','images/Upload/Artiste/emelmathlouthi2.jpg',NULL,'https://www.facebook.com/plugins/page.php?href=https%3A%2F%2Fwww.facebook.com%2FE.Mathlouthi%2F&tabs=timeline&width=340&height=500&small_header=false&adapt_container_width=true&hide_cover=false&show_facepile=true&appId\" width=\"340\" height=\"500\" style=\"border:none;overflow:hidden\" scrolling=\"no\" frameborder=\"0\" allowTransparency=\"true\"',NULL),(3,'Hamza Bennani Smires','<p>La musique est cette d&eacute;licate et fragile association de sons dont le pouvoir est inou&iuml;. Au del&agrave; des mots, de la raison et de toute repr&eacute;sentation, elle a le pouvoir de gu&eacute;rir, de transcender, de faire ressentir le beau, le grave et le doux.</p>\r\n\r\n<p>La conception qu&rsquo;Hamza Bennani Smires a de la musique est purement artisanale. Travailler chaque jour, am&eacute;liorer le geste, le souffle et la cr&eacute;ation. Il s&#39;active principalement autour de la trompette classique et jazz. Entre concerts, cr&eacute;ations de musique de films et de spectacles vivants, il enseigne la trompette et anime avec beaucoup de plaisir et de passion, des ateliers de musique pour enfants.</p>\r\n\r\n<p>Trompettiste, compositeur, passionn&eacute; de jazz et de musiques du monde, entre Casablanca et Paris, Hamza Bennani Smires a mis en place un spectacle sonore et visuel consacr&eacute; &agrave; l&rsquo;&oelig;uvre d&rsquo;Erik Satie, disponible en tourn&eacute;e &agrave; partir de l&rsquo;automne 2017.</p>\r\n',1,'http://www.hamzabennanismires.com','https://www.facebook.com/hbsmires','','','https://vimeo.com/48370100','https://soundcloud.com/hamza-bennani-smires','','','','images/Upload/Artiste/hamzacover1.jpg','images/Upload/Artiste/hamzabennani3.jpg',1,'',NULL),(4,'Imed Alibi','<p>Imed Alibi est n&eacute; en Tunisie en 1978, parti en France pour poursuivre des &eacute;tudes de traduction en 2001, il rencontre le groupe les Boukakes (fusion) avec lequel il fait des tourn&eacute;es mondiales.</p>\r\n\r\n<p>Un v&eacute;ritable globe-trotter, il encha&icirc;ne les tourn&eacute;es et les collaborations du Maroc a l&rsquo;Inde pour des cr&eacute;ations et en accompagnant Michel marre, Safy Boutella, Rachid Taha, Emel Mathlouthi , le groupe r&eacute;unionais Ziskakan, Moneim Adwan, Ghalia Ben Ali ,Slow Joe.....</p>\r\n\r\n<p>En 2014, il lance sa carri&egrave;re solo et sort l&rsquo;album Safar produit par le guitariste de Robert Plant Justin Adams en collaboration avec le compositeur St&eacute;phane Puech et le violoniste Zied Zouari ou encore le percussioniste Z&eacute; Luis Nascimento.</p>\r\n\r\n<p>En 2015, il cr&eacute;e Salhi avec Mounir Troudi et le trompettiste Michel Marre. Imed alibi compose pour des films documentaires en France pour Arte et France 3, il collabore avec les orchestres de conservatoire (cr&eacute;ation Radio France) ainsi que sa participation dans le film iranien &laquo; No Land&rsquo;s song &raquo; r&eacute;alis&eacute; par Ayat Najafi. Imed Alibi est un conseiller artistique aupr&egrave;s du SILO en France et aux JMC. Il est actuellement reconnu comme un v&eacute;ritable ambassadeur des musiques du monde avec une exp&eacute;rience dans une cinquantaine de pays.</p>\r\n',0,'http://www.imedalibi.com','https://www.facebook.com/pg/imed.alibi/','','','','https://soundcloud.com/imed-alibi-1','<iframe width=\"100%\" height=\"450\" scrolling=\"no\" frameborder=\"no\" src=\"https://w.soundcloud.com/player/?url=https%3A//api.soundcloud.com/users/38907469&amp;auto_play=false&amp;hide_related=false&amp;show_comments=true&amp;show_user=true&amp;show_reposts=false&amp;visual=true\"></iframe>','','','images/Upload/Artiste/imedalibicover1.jpg','images/Upload/Artiste/imedalibi1.jpg',NULL,'',NULL),(5,'Malca','<p>Malca est un projet pop, futuriste et d&#39;inspiration arabe. Il puise sa cr&eacute;ativit&eacute; &agrave; la fois dans la pop alternative d&#39;un Dev Hynes et dans le romantisme enfi&eacute;vr&eacute; de figures de la chanson arabe contemporaine.</p>\r\n\r\n<p>Auteur-compositeur-interpr&egrave;te franco-marocain, Malca et son groupe vit entre Paris et Casablanca. Son morceau &quot;She Gets Too High&quot;, sorti au printemps 2015 et sacr&eacute; &quot;tube de l&#39;&eacute;t&eacute;&quot; par ELLE, Cosmopolitan et Les Inrockuptibles qui le d&eacute;crit en ces termes : &quot;le petit tube du Marocain ressemble &agrave; une fusion des meilleurs morceaux de Phoenix et Kindness. Le clip (...) d&eacute;fonce tout ce que vous verrez aujourd&rsquo;hui.&quot;</p>\r\n\r\n<p>Dans son univers, il tente d&#39;esth&eacute;tiser la culture populaire marocaine tout en y apportant une touche ann&eacute;es 90. Il distille au fil de ses morceaux, une &eacute;lectropop &eacute;l&eacute;gante aux accents R&amp;B. Au Maroc comme en France, Malca est d&eacute;j&agrave; un ph&eacute;nom&egrave;ne m&eacute;diatique.</p>\r\n',0,'','https://www.facebook.com/iammalca','https://twitter.com/iamMalca/','','','https://soundcloud.com/iammalca','https://w.soundcloud.com/player/?url=https%3A//api.soundcloud.com/users/28731449&amp;auto_play=false&amp;hide_related=false&amp;show_comments=true&amp;show_user=true&amp;show_reposts=false&amp;visual=true\"','','https://www.youtube.com/embed/sIEyCuZ7VRQ','images/Upload/Artiste/malcacover1.jpg','images/Upload/Artiste/malca1.jpg',1,'https://www.facebook.com/plugins/page.php?href=https%3A%2F%2Fwww.facebook.com%2Fiammalca%2F&tabs=timeline&width=340&height=500&small_header=false&adapt_container_width=true&hide_cover=false&show_facepile=true&appId\" width=\"340\" height=\"500\" style=\"border:none;overflow:hidden\" scrolling=\"no\" frameborder=\"0\" allowTransparency=\"true\"',NULL),(6,'Meryem Aboulouafa','<p>Auteure, compositeur et interpr&egrave;te vivant &agrave; Casablanca o&ugrave; elle est n&eacute;e en 1988, Meryem Aboulouafa participe, depuis plusieurs ann&eacute;es, &agrave; de nombreux projets musicaux au Maroc et &agrave; l&rsquo;&eacute;tranger et initie diverses collaborations artistiques.</p>\r\n\r\n<p>Elle puise son inspiration au gr&eacute; de ces rencontres, s&rsquo;aguerrit sur sc&egrave;ne en r&eacute;alisant des performances en public, et enrichit petit &agrave; petit son univers artistique, jusqu&rsquo;&agrave; d&eacute;cider de se consacrer au d&eacute;veloppement de son propre projet. Parmi ces diff&eacute;rentes rencontres, celle avec Francesco Santalucia, compositeur et pianiste Italien, l&rsquo;am&egrave;nera &agrave; Rome, au sein du studio OMO. C&rsquo;est l&agrave;, qu&rsquo;ils d&eacute;marrent ensemble, en 2015, la r&eacute;alisation d&rsquo;un premier projet en commun.</p>\r\n\r\n<p>Un projet &agrave; retrouver sur sc&egrave;ne pour la premi&egrave;re fois en tourn&eacute;e, &agrave; partir du printemps 2017</p>\r\n',1,'http://www.meryemaboulouafa.com','https://www.facebook.com/meryemaboulouafa/','https://twitter.com/MeryemAbl','','','https://soundcloud.com/meryemaboulouafa','https://w.soundcloud.com/player/?url=https%3A//api.soundcloud.com/users/9943443&amp;auto_play=false&amp;hide_related=false&amp;show_comments=true&amp;show_user=true&amp;show_reposts=false&amp;visual=true\"','','https://www.youtube.com/embed/Uy4PGZ8biU4','images/Upload/Artiste/meryemcover.jpg','images/Upload/Artiste/meryem6.jpg',1,'https://www.facebook.com/plugins/page.php?href=https%3A%2F%2Fwww.facebook.com%2Fmeryemaboulouafa&tabs=timeline&width=340&height=500&small_header=false&adapt_container_width=true&hide_cover=false&show_facepile=true&appId\" width=\"340\" height=\"500\" style=\"border:none;overflow:hidden\" scrolling=\"no\" frameborder=\"0\" allowTransparency=\"true\"',NULL),(7,'PARA ONE & MEHDI NASSOULI','<p>Issu d&rsquo;une famille ancr&eacute;e dans la culture Gnawa et sp&eacute;cialiste du Guembri depuis son plus jeune &acirc;ge, Mehdi Nassouli a parcouru le Maroc pendant 10 ans pour r&eacute;aliser son voyage initiatique aupr&egrave;s de plusieurs m&acirc;&acirc;lems, acqu&eacute;rant ainsi une solide connaissance des diff&eacute;rentes traditions musicales Gnawa.</p>\r\n\r\n<p>Ouvert &agrave; la fusion des genres musicaux, Mehdi Nassouli a sillonn&eacute; les continents, en collaborant avec de grands noms de la world tels que Titi Robin, Fatoumata Diawara , Benjamin Taubkin, Justin Adams ou Andy Emler. Il pr&eacute;sente ainsi une vision moderne de la mouvance Gnawa.</p>\r\n\r\n<p>Depuis une quinzaine d&rsquo;ann&eacute;es, Para One a impos&eacute; sa patte &agrave; la musique &eacute;lectronique fran&ccedil;aise et a multipli&eacute; les projets : producteur solo pour plusieurs albums devenus des r&eacute;f&eacute;rences de la &laquo; french touch &raquo;, compositeur de bandes-son pour le cin&eacute;ma, directeur de label, r&eacute;alisateur et m&ecirc;me acteur &agrave; ses heures... Et bien s&ucirc;r dj hors-pair, capable d&rsquo;alterner entre hip-hop, house, techno ou UK garage. Pour cette cr&eacute;ation unique avec le Fran&ccedil;ais Para One, Mehdi Nassouli a fait appel &agrave; plusieurs musiciens.</p>\r\n\r\n<p>Apr&egrave;s une r&eacute;sidence de cinq jours en studio, elle a &eacute;t&eacute;pr&eacute;sent&eacute;e au festival Nuits sonores Tanger puis &agrave; Casablanca. Un projet pr&eacute;sent&eacute; lors de deux concerts uniques &agrave; Nuit Sonores Tanger et lors de la Nuit Electronique de Casablanca, les 9 et 10 octobre 2015. Un projet mis int&eacute;gralement en &oelig;uvre (codirection artistique, direction de production, production ex&eacute;cutive) par LAKLAK Productions pour Nuits Sonores Tanger et l&rsquo;Institut fran&ccedil;ais du Maroc.</p>\r\n',0,'','https://www.facebook.com/ayoub.elmachatt.fanpage/','','','','','','','https://www.youtube.com/embed/qicXogeSTO0','images/Upload/Artiste/paraonecover1.jpg','images/Upload/Artiste/paraone2.jpg',1,'',NULL);
/*!40000 ALTER TABLE `artist` ENABLE KEYS */;
UNLOCK TABLES;

--
-- Table structure for table `artistdiscographie`
--

DROP TABLE IF EXISTS `artistdiscographie`;
/*!40101 SET @saved_cs_client     = @@character_set_client */;
/*!40101 SET character_set_client = utf8 */;
CREATE TABLE `artistdiscographie` (
  `id` int(11) NOT NULL AUTO_INCREMENT,
  `idartist` int(11) NOT NULL,
  `artistalbumimg` text,
  `artistalbumurl` text,
  PRIMARY KEY (`id`),
  KEY `fk_artist_discographie_1_idx` (`idartist`),
  CONSTRAINT `fk_artist_discographie_1` FOREIGN KEY (`idartist`) REFERENCES `artist` (`id`) ON DELETE NO ACTION ON UPDATE NO ACTION
) ENGINE=InnoDB DEFAULT CHARSET=utf8;
/*!40101 SET character_set_client = @saved_cs_client */;

--
-- Dumping data for table `artistdiscographie`
--

LOCK TABLES `artistdiscographie` WRITE;
/*!40000 ALTER TABLE `artistdiscographie` DISABLE KEYS */;
/*!40000 ALTER TABLE `artistdiscographie` ENABLE KEYS */;
UNLOCK TABLES;

--
-- Table structure for table `artistimages`
--

DROP TABLE IF EXISTS `artistimages`;
/*!40101 SET @saved_cs_client     = @@character_set_client */;
/*!40101 SET character_set_client = utf8 */;
CREATE TABLE `artistimages` (
  `id` int(11) NOT NULL AUTO_INCREMENT,
  `artistimggalerypath` text,
  `idartist` int(11) NOT NULL,
  PRIMARY KEY (`id`),
  KEY `fk_artist_images_1_idx` (`idartist`),
  CONSTRAINT `fk_artist_images_1` FOREIGN KEY (`idartist`) REFERENCES `artist` (`id`) ON DELETE NO ACTION ON UPDATE NO ACTION
) ENGINE=InnoDB AUTO_INCREMENT=101 DEFAULT CHARSET=utf8;
/*!40101 SET character_set_client = @saved_cs_client */;

--
-- Dumping data for table `artistimages`
--

LOCK TABLES `artistimages` WRITE;
/*!40000 ALTER TABLE `artistimages` DISABLE KEYS */;
INSERT INTO `artistimages` VALUES (1,'images/Upload/Galerie/Artist/ayoub/1.jpg',1),(2,'images/Upload/Galerie/Artist/ayoub/2.jpg',1),(3,'images/Upload/Galerie/Artist/imedalibi/1.jpg',4),(4,'images/Upload/Galerie/Artist/imedalibi/2.jpg',4),(5,'images/Upload/Galerie/Artist/imedalibi/3.jpg',4),(6,'images/Upload/Galerie/Artist/imedalibi/4.jpg',4),(7,'images/Upload/Galerie/Artist/imedalibi/5.jpg',4),(8,'images/Upload/Galerie/Artist/imedalibi/6.jpg',4),(9,'images/Upload/Galerie/Artist/imedalibi/7.jpg',4),(10,'images/Upload/Galerie/Artist/imedalibi/8.jpg',4),(11,'images/Upload/Galerie/Artist/imedalibi/9.jpg',4),(12,'images/Upload/Galerie/Artist/imedalibi/10.jpg',4),(13,'images/Upload/Galerie/Artist/imedalibi/11.jpg',4),(14,'images/Upload/Galerie/Artist/imedalibi/12.jpg',4),(15,'images/Upload/Galerie/Artist/imedalibi/13.jpg',4),(16,'images/Upload/Galerie/Artist/imedalibi/14.jpg',4),(17,'images/Upload/Galerie/Artist/imedalibi/15.jpg',4),(18,'images/Upload/Galerie/Artist/imedalibi/16.jpg',4),(19,'images/Upload/Galerie/Artist/imedalibi/17.jpg',4),(20,'images/Upload/Galerie/Artist/imedalibi/18.jpg',4),(21,'images/Upload/Galerie/Artist/imedalibi/19.jpg',4),(22,'images/Upload/Galerie/Artist/imedalibi/20.jpg',4),(23,'images/Upload/Galerie/Artist/imedalibi/21.jpg',4),(24,'images/Upload/Galerie/Artist/imedalibi/22.jpg',4),(25,'images/Upload/Galerie/Artist/imedalibi/23.jpg',4),(26,'images/Upload/Galerie/Artist/imedalibi/24.png',4),(27,'images/Upload/Galerie/Artist/imedalibi/25.jpg',4),(28,'images/Upload/Galerie/Artist/imedalibi/26.jpg',4),(29,'images/Upload/Galerie/Artist/imedalibi/27.jpg',4),(30,'images/Upload/Galerie/Artist/imedalibi/28.jpg',4),(31,'images/Upload/Galerie/Artist/imedalibi/29.jpg',4),(32,'images/Upload/Galerie/Artist/imedalibi/30.jpg',4),(33,'images/Upload/Galerie/Artist/imedalibi/31.jpg',4),(34,'images/Upload/Galerie/Artist/imedalibi/32.jpg',4),(35,'images/Upload/Galerie/Artist/imedalibi/33.jpg',4),(36,'images/Upload/Galerie/Artist/imedalibi/34.jpg',4),(37,'images/Upload/Galerie/Artist/imedalibi/35.jpg',4),(38,'images/Upload/Galerie/Artist/imedalibi/36.jpg',4),(39,'images/Upload/Galerie/Artist/imedalibi/37.jpg',4),(40,'images/Upload/Galerie/Artist/imedalibi/38.jpg',4),(41,'images/Upload/Galerie/Artist/imedalibi/39.jpg',4),(42,'images/Upload/Galerie/Artist/imedalibi/40.jpg',4),(43,'images/Upload/Galerie/Artist/imedalibi/41.jpg',4),(44,'images/Upload/Galerie/Artist/imedalibi/42.JPG',4),(45,'images/Upload/Galerie/Artist/imedalibi/43.jpg',4),(46,'images/Upload/Galerie/Artist/imedalibi/44.jpg',4),(47,'images/Upload/Galerie/Artist/imedalibi/45.jpg',4),(48,'images/Upload/Galerie/Artist/imedalibi/46.jpg',4),(49,'images/Upload/Galerie/Artist/imedalibi/47.jpg',4),(50,'images/Upload/Galerie/Artist/imedalibi/48.jpg',4),(51,'images/Upload/Galerie/Artist/imedalibi/49.jpg',4),(53,'images/Upload/Galerie/Artist/malca/1.jpg',5),(54,'images/Upload/Galerie/Artist/malca/2.jpg',5),(55,'images/Upload/Galerie/Artist/malca/3.jpg',5),(56,'images/Upload/Galerie/Artist/malca/4.jpg',5),(57,'images/Upload/Galerie/Artist/malca/5.jpg',5),(58,'images/Upload/Galerie/Artist/malca/6.jpg',5),(59,'images/Upload/Galerie/Artist/malca/7.jpg',5),(60,'images/Upload/Galerie/Artist/malca/8.jpg',5),(61,'images/Upload/Galerie/Artist/malca/9.jpg',5),(62,'images/Upload/Galerie/Artist/meryem/1.jpg',6),(63,'images/Upload/Galerie/Artist/meryem/2.JPG',6),(64,'images/Upload/Galerie/Artist/meryem/3.jpg',6),(65,'images/Upload/Galerie/Artist/meryem/4.jpg',6),(66,'images/Upload/Galerie/Artist/meryem/5.jpg',6),(67,'images/Upload/Galerie/Artist/meryem/6.jpg',6),(68,'images/Upload/Galerie/Artist/meryem/7.jpg',6),(69,'images/Upload/Galerie/Artist/meryem/8.jpg',6),(70,'images/Upload/Galerie/Artist/meryem/9.jpg',6),(71,'images/Upload/Galerie/Artist/meryem/10.jpg',6),(72,'images/Upload/Galerie/Artist/meryem/11.jpg',6),(73,'images/Upload/Galerie/Artist/paraone/1.jpg',7),(74,'images/Upload/Galerie/Artist/paraone/2.jpg',7),(75,'images/Upload/Galerie/Artist/paraone/3.jpg',7),(76,'images/Upload/Galerie/Artist/paraone/4.jpg',7),(77,'images/Upload/Galerie/Artist/paraone/5.jpg',7),(78,'images/Upload/Galerie/Artist/paraone/6.jpg',7),(79,'images/Upload/Galerie/Artist/paraone/7.jpg',7),(80,'images/Upload/Galerie/Artist/paraone/8.jpg',7),(81,'images/Upload/Galerie/Artist/paraone/9.jpg',7),(82,'images/Upload/Galerie/Artist/paraone/10.jpg',7),(83,'images/Upload/Galerie/Artist/paraone/11.jpg',7),(84,'images/Upload/Galerie/Artist/paraone/12.jpg',7),(85,'images/Upload/Galerie/Artist/paraone/13.jpg',7),(86,'images/Upload/Galerie/Artist/paraone/14.jpg',7),(87,'images/Upload/Galerie/Artist/paraone/15.jpg',7),(88,'images/Upload/Galerie/Artist/paraone/16.jpg',7),(89,'images/Upload/Galerie/Artist/paraone/17.jpg',7),(90,'images/Upload/Galerie/Artist/paraone/18.jpg',7),(91,'images/Upload/Galerie/Artist/paraone/19.jpg',7),(92,'images/Upload/Galerie/Artist/paraone/20.jpg',7),(93,'images/Upload/Galerie/Artist/paraone/21.jpg',7),(94,'images/Upload/Galerie/Artist/paraone/22.jpg',7),(95,'images/Upload/Galerie/Artist/paraone/23.jpg',7),(96,'images/Upload/Galerie/Artist/paraone/24.jpg',7),(97,'images/Upload/Galerie/Artist/paraone/25.jpg',7),(98,'images/Upload/Galerie/Artist/paraone/26.jpg',7),(99,'images/Upload/Galerie/Artist/paraone/27.jpg',7),(100,'images/Upload/Galerie/Artist/paraone/28.jpg',7);
/*!40000 ALTER TABLE `artistimages` ENABLE KEYS */;
UNLOCK TABLES;

--
-- Table structure for table `event`
--

DROP TABLE IF EXISTS `event`;
/*!40101 SET @saved_cs_client     = @@character_set_client */;
/*!40101 SET character_set_client = utf8 */;
CREATE TABLE `event` (
  `id` int(11) NOT NULL AUTO_INCREMENT,
  `eventName` varchar(255) NOT NULL,
  `eventDescription` text,
  `eventLocation` varchar(255) DEFAULT NULL,
  `eventDate` datetime DEFAULT NULL,
  `eventProduction` text,
  `eventWebsiteUrl` varchar(255) DEFAULT NULL,
  `eventFacebookUrl` varchar(255) DEFAULT NULL,
  `eventTwitterUrl` varchar(255) DEFAULT NULL,
  `eventSoundcloudUrl` varchar(255) DEFAULT NULL,
  `eventIframeYoutube` varchar(255) DEFAULT NULL,
  `eventIframeSoundcloud` varchar(255) DEFAULT NULL,
  `eventArtistes` text,
  `eventLaklak` tinyint(1) DEFAULT NULL,
  `eventIdArtiste` int(11) DEFAULT NULL,
  `eventImgCoverPath` varchar(255) DEFAULT NULL,
  `eventImgProfilePath` varchar(255) DEFAULT NULL,
  `eventType` varchar(45) DEFAULT NULL,
  `eventMoreUrl` varchar(255) DEFAULT NULL,
  `eventBookingUrl` varchar(255) DEFAULT NULL,
  `eventIframeFacebook` text,
  PRIMARY KEY (`id`),
  KEY `fk_event_1_idx` (`eventIdArtiste`),
  CONSTRAINT `fk_event_1` FOREIGN KEY (`eventIdArtiste`) REFERENCES `artist` (`id`) ON DELETE NO ACTION ON UPDATE NO ACTION
) ENGINE=InnoDB AUTO_INCREMENT=17 DEFAULT CHARSET=utf8;
/*!40101 SET character_set_client = @saved_cs_client */;

--
-- Dumping data for table `event`
--

LOCK TABLES `event` WRITE;
/*!40000 ALTER TABLE `event` DISABLE KEYS */;
INSERT INTO `event` VALUES (1,'Transahara Festival 8eme edition','<p>Transahara est le rêve lucide de Nomadstribe qui se développe depuis 2002. Nous visons à offrir à nos amis et invités un événement exceptionnel où nous pouvons tous profiter de la musique, des arts, des événements étonnants, des rencontres improbables dans un paysage incroyable.\n\nPlus qu\'un festival, c\'est un rassemblement de personnes qui apportent dans le spectaculaire désert du Sahara leur propre culture, leur expression artistique et leurs expériences personnelles.\n\nTransahara est un voyage au désert où votre âme peut explorer la danse ou l\'immobilité, le silence séduisant des dunes de sable, les vues à couper le souffle de l\'horizon de l\'horizon, les vibrations musicales qui se combinent avec l\'âme et l\'énergie du désert et les possibilités infinies de rencontres surréalistes avec Les autres et moi-même.\n\nDepuis le début, le festival a été conduit par les pouvoirs mystiques de ses terres et son histoire tribale et magique.\n\nTout le monde sait ou a entendu parler de cet événement, mais seulement quelques-uns ont vraiment eu l\'occasion de l\'expérimenter. C\'est un moment et un lieu, nous vous sommes invités à célébrer la vie avec la musique, la danse et la tranquillité d\'esprit en faisant partie de ce rassemblement unique et rare.\nette édition se déroulera du mercredi 8 avril au dimanche 12 octobre 2015, après le Week-end de Pâques. Cette période de l\'année est particulièrement intéressante et le moment idéal pour visiter le Sahara, il n\'est ni trop froid ni trop chaud. C\'est aussi le moment de l\'année où l\'hiver donne place au printemps, lorsque nous passons du froid au chaud, de l\'obscurité à la lumière, une période de l\'année mûr avec des messages à quiconque veut les voir.</p>','Merzouga, Desert du Sahara, Maroc','2015-04-10 00:00:00','Gestion logistique, accueil artistes et public. Assistance à la coordination de production de festival','http://www.dunescandance.com','https://www.facebook.com/Transahara/','','','https://www.youtube.com/embed/okihWWK1m7I',NULL,NULL,0,NULL,'images/Upload/Event/transaharacover5.jpg','images/Upload/Event/transahara4.jpg',NULL,NULL,NULL,NULL),(2,'Festival Jazz au Chellah','<p>Jazz au Chellah est un festival de jazz européen et de musiques marocaines organisé à Rabat au Maroc. Créé en 1996 sous le nom de Jazz aux Oudayas et organisé alors dans la salle du musée des Oudayas, il se déroule depuis 2005 sur le site du Chellah. Chaque année, pendant cinq jours, dix concerts sont proposés au public réunissant des artistes venant de divers pays de l\'Union européenne et des musiciens marocains. Le festival de Jazz au Chellah contribue ce faisant à renforcer le dialogue interculturel entre l\'Union Européenne et le Maroc. Chaque soir, la scène du festival devient ainsi le théâtre de rencontres entre des groupes européens et des musiciens marocains.Ces associations ne durent pas seulement le temps du festival, et Jazz au Chellah a permis, depuis sa création, à contribuer à de nouvelles collaborations musicales. Des concerts Jazz européen, musiques marocaines présentés au Chellah ont ainsi voyagé au-delà des murs pour devenir des tournées, des albums ...</p>','Rabat, Maroc','2015-09-15 00:00:00','Coordination générale du Festival et Direction de Production.','','https://www.facebook.com/JazzauChellah/','https://twitter.com/jazzauchellah',NULL,'https://www.youtube.com/embed/Cp3ojPMLUl4',NULL,NULL,0,NULL,'images/Upload/Event/jazzauchellahcover1.jpg','images/Upload/Event/jazzaauchellah.jpg',NULL,NULL,NULL,NULL),(3,'Nuit electronique Casablanca #1','<p>Une soirée exceptionnelle autour des musiques électroniques françaises et marocaines, dans le cadre somptueux de l’Eglise du Sacré Cœur.</p>','Casablanca, Eglise du Sacré Coeur','2015-10-10 00:00:00','Programmation, direction de production, production exécutive',NULL,'',NULL,NULL,'https://www.youtube.com/embed/qicXogeSTO0',NULL,'Artunique / Para One / Mehdi Nassouli / Acid Arab / Amine K',0,NULL,'images/Upload/Event/nuitcasa1cover1.jpg','images/Upload/Event/nuitcasa.jpg',NULL,NULL,NULL,NULL),(4,'Nuit electronique Casablanca #2','<p>Une soirée exceptionnelle autour des musiques électroniques françaises et marocaines, dans le cadre somptueux de l’Eglise du Sacré Cœur.</p>','Casablanca, Eglise du Sacré Coeur','2016-04-02 00:00:00',' Programmation, Direction de Production, Production Exécutive',NULL,NULL,NULL,NULL,'https://www.youtube.com/embed/lZfNOuJvKQ4',NULL,'Oda Simi / Rone (Live Set) / Clara 3000',0,NULL,'images/Upload/Event/nuitcasa2cover1.jpg','images/Upload/Event/nuitcasa2.jpg',NULL,NULL,'http://www.ticket.ma/',NULL),(5,'Jazzablanca 11eme edition','<p>Depuis 2006, Jazzablanca Festival prend soin de se renouveler avec une affiche toujours plus exigeante et surprenante, avec la volonté de proposer des concerts uniques et exceptionnels pour tous, de la découverte des jeunes talents à la rencontre avec des légendes internationales. \n\nJazzablanca a su d’année en année tenir sa promesse en présentant au public casablancais les performances des meilleurs artistes de jazz, de funk, de soul, r’n’b et de world music : Jamie Cullum, Chick Corea, Marcus Miller, Gloria Gaynor, Ibrahim Maalouf, Al Jarreau, Dhafer Youssef, Billy Paul, Macy Gray, Joss Stone, etc. \n\nJazzablanca Festival a lieu chaque année en avril à Casablanca (Maroc). Au programme : 9 jours de festivités qui font vibrer Casablanca et les casaouis d’une même musique, à l\'Hippodrome Casa-Anfa et son Village vivant, à la Scène gratuite BMCI, Place des Nations-Unies.\n\nAutant d’éléments qui concourent à faire de Jazzablanca, non pas un festival en plus, mais un festival à part, inclusif et festif, une grande rencontre pour les casaouis, avec leur ville et avec le monde ! </p>','Casablanca,  Hippodrome d’Anfa et Place des Nations-Unies Maroc','2016-04-16 00:00:00','Coordination artistique','http://www.jazzablanca.com','https://www.facebook.com/JazzablancaFestival/','https://twitter.com/Jazzablancafest','','https://www.youtube.com/embed/xlqNoKAy3hU','','Melody Gardot, Macy Gray, Jamie Cullum, Goran Bregoviç, Hindi Zahra et Richard Bona.',0,NULL,'images/Upload/Event/jazzablancacover1.jpg','images/Upload/Event/jazza.png',NULL,NULL,'http://www.ticket.ma/',NULL),(6,'Encore #1 ','<p>ENCORE est une série de concerts qui a pour ambition de se décliner sur plusieurs saisons. C’est une initiative culturelle engagée qui se traduit par une programmation à la fois pointue et éclectique d’artistes maghrébins et africains, du monde arabe et d’ailleurs, confirmés ou prometteurs, que nous avons à coeur de présenter au public marocain, dans l’idée de faire du Maroc une étape dans les tournées internationales, en proposant une alternative aux grands festivals et des possibilités de tourner à travers le Royaume. L’ambition d’ENCORE est également de favoriser une ouverture sur le monde grâce à la musique.\n\nENCORE c’est la collaboration de LAKLAK Productions et Lioumness, deux entreprises culturelles marocaines qui allient leur expertise et leur passion pour proposer un concept nouveau et durable, qui trouvera à coup sûr son public à travers le Maroc.</p> ','Casablanca, Villa des Arts','2016-09-03 00:00:00','Coordination generale','http://www.encoremusic.live','www.facebook.com/encoremusicmaroc','https://twitter.com/encore_music_',NULL,'https://www.youtube.com/embed/RZRx1mGZBqs',NULL,'Malca, Nada Azari',1,NULL,'images/Upload/Event/malcacover2.png','images/Upload/Event/encore.png',NULL,NULL,'http://www.ticket.ma/',NULL),(7,'Encore #2 ','<p>ENCORE est une série de concerts qui a pour ambition de se décliner sur plusieurs saisons. C’est une initiative culturelle engagée qui se traduit par une programmation à la fois pointue et éclectique d’artistes maghrébins et africains, du monde arabe et d’ailleurs, confirmés ou prometteurs, que nous avons à coeur de présenter au public marocain, dans l’idée de faire du Maroc une étape dans les tournées internationales, en proposant une alternative aux grands festivals et des possibilités de tourner à travers le Royaume. L’ambition d’ENCORE est également de favoriser une ouverture sur le monde grâce à la musique.\n\nENCORE c’est la collaboration de LAKLAK Productions et Lioumness, deux entreprises culturelles marocaines qui allient leur expertise et leur passion pour proposer un concept nouveau et durable, qui trouvera à coup sûr son public à travers le Maroc. </p>','Kube Club, Casablanca','2016-12-08 00:00:00','Coproduction generale avec Lioumness','http://www.encoremusic.live','www.facebook.com/encoremusicmaroc','https://twitter.com/encore_music_',NULL,'https://www.youtube.com/embed/si5aVBv4oFQ',NULL,'Habibi Funk, Polyswitch',1,NULL,'images/Upload/Event/habibifunkcover1.jpeg','images/Upload/Event/encore.png',NULL,NULL,'http://www.ticket.ma/',NULL),(8,'Encore #3 ','<p>ENCORE est une série de concerts qui a pour ambition de se décliner sur plusieurs saisons. C’est une initiative culturelle engagée qui se traduit par une programmation à la fois pointue et éclectique d’artistes maghrébins et africains, du monde arabe et d’ailleurs, confirmés ou prometteurs, que nous avons à coeur de présenter au public marocain, dans l’idée de faire du Maroc une étape dans les tournées internationales, en proposant une alternative aux grands festivals et des possibilités de tourner à travers le Royaume. L’ambition d’ENCORE est également de favoriser une ouverture sur le monde grâce à la musique.\n\nENCORE c’est la collaboration de LAKLAK Productions et Lioumness, deux entreprises culturelles marocaines qui allient leur expertise et leur passion pour proposer un concept nouveau et durable, qui trouvera à coup sûr son public à travers le Maroc.</p> ','Casablanca, Maroc','2017-02-26 00:00:00','Coproduction generale avec Lioumness','http://www.encoremusic.live','www.facebook.com/encoremusicmaroc','https://twitter.com/encore_music_',NULL,'https://www.youtube.com/embed/N6ogh9_Q5NY',NULL,'Concert Privé de Bachar Mar Khalifé  ',1,NULL,'images/Upload/Event/bacharcover1.jpg','images/Upload/Event/encore.png',NULL,NULL,'http://www.ticket.ma/',NULL),(9,'Jazzablanca 12eme edition','<p>Depuis 2006, Jazzablanca Festival prend soin de se renouveler avec une affiche toujours plus exigeante et surprenante, avec la volonté de proposer des concerts uniques et exceptionnels pour tous, de la découverte des jeunes talents à la rencontre avec des légendes internationales.  Jazzablanca a su d’année en année tenir sa promesse en présentant au public casablancais les performances des meilleurs artistes de jazz, de funk, de soul, r’n’b et de world music : Jamie Cullum, Chick Corea, Marcus Miller, Gloria Gaynor, Ibrahim Maalouf, Al Jarreau, Dhafer Youssef, Billy Paul, Macy Gray, Joss Stone, etc. \n\nJazzablanca Festival a lieu chaque année en avril à Casablanca (Maroc). Au programme : 9 jours de festivités qui font vibrer Casablanca et les casaouis d’une même musique, à l\'Hippodrome Casa-Anfa et son Village vivant, à la Scène gratuite BMCI, Place des Nations-Unies. Autant d’éléments qui concourent à faire de Jazzablanca, non pas un festival en plus, mais un festival à part, inclusif et festif, une grande rencontre pour les casaouis, avec leur ville et avec le monde !</p> ','Casablanca, Hippodrome d’Anfa et Place des Nations-Unies ','2017-04-08 00:00:00','Coordination Générale, Coordination Artistique ','http://www.jazzablanca.com','https://www.facebook.com/JazzablancaFestival/','https://twitter.com/Jazzablancafest',NULL,'https://www.youtube.com/embed/7fY-C8lbj-s',NULL,'Ayoub El Machatt, 	Laura Pergolizzi, Robyn Bennet & Bang Bang, 	Atlantic Soul Orchestra, Jam Session, Pink Martini, Christian Scott, etc ',1,NULL,'images/Upload/Event/jazzablancacover1.jpg','images/Upload/Event/jazza.png',NULL,NULL,'http://www.ticket.ma/',NULL),(10,'Nuit electronique 3eme edition','<p>Une soirée exceptionnelle dans le cadre du CasaFestival</p>','Casablanca, Aïn Sebaa','2017-07-14 00:00:00','Programmation, Direction de Production, Production Exécutive',NULL,NULL,NULL,NULL,NULL,NULL,'',0,NULL,'images/Upload/Event/nuitcasa3cover1.jpg','images/Upload/Event/nuitcasa3.jpg',NULL,NULL,'http://www.ticket.ma/',NULL),(11,'Tournée Marocaine avec Hindi Zara','','Safi, Meknès, Kenitra, Casablanca, Agadir','2015-05-05 00:00:00','Programmation, Direction de Production, Production Exécutive en collaboration avec Visa For Music','',NULL,NULL,NULL,NULL,NULL,'Hindi Zahra, Songhoy Blues & Mehdi Nassouli ft. Kandy Guira / Safi, Meknès, Kenitra, ',0,NULL,'images/Upload/Event/hindizaracover1.jpg','images/Upload/Event/hindizara1.jpg',NULL,NULL,NULL,NULL),(12,'Tournée Marocaine avec Imed Alibi ',NULL,'Nuits du Ramadan : Rabat / Tétouan / Tanger / El Jadida / Essaouira / Agadir / Oujda / Fès / Casablanca','2015-07-01 00:00:00','Booking Maroc, Régie de tournée',NULL,NULL,NULL,NULL,NULL,NULL,'Imed Alibi',0,NULL,'images/Upload/Event/imedcover1.jpg','images/Upload/Event/imedalibi1.jpg',NULL,NULL,NULL,NULL),(13,'Tournée Marocaine n°2 avec Imed Alibi ','<p>Fondation OCP en partenariat avec l’Institut français du Maroc / Visa For Music</p>','Rabat, Benguerir, Youssoufia, Safi','2015-11-13 00:00:00','Booking, Direction de Production, Production Exécutive, Régie de Tournée','',NULL,NULL,NULL,NULL,NULL,'Imed Alibi, projet Safar en tournée au Maroc',0,NULL,'images/Upload/Event/imedcover2.jpg','images/Upload/Event/imed2.jpg',NULL,NULL,NULL,NULL),(14,'Casa Live Sessions - Al Di Meola',NULL,'Casablanca, Megarama, Maroc','2016-11-09 00:00:00','Coordination Artistique, Production exécutive',NULL,NULL,NULL,NULL,NULL,NULL,'Al Dimeola ',0,NULL,'images/Upload/Event/aldimeolacover1.jpg','images/Upload/Event/aldimeola2.jpg',NULL,NULL,NULL,NULL),(15,'Casa Live Sessions -  Beth Hart',NULL,'Casablanca, Megarama, Maroc','2016-12-15 00:00:00',' Coordination Artistique, Production exécutive ',NULL,NULL,NULL,NULL,NULL,NULL,NULL,0,NULL,'images/Upload/Event/bethartcover1.jpg','images/Upload/Event/bethhart1.jpg',NULL,NULL,NULL,NULL),(16,'Casa Live Sessions -  Erik Truffaz',NULL,'Casablanca, Megarama, Maroc','2017-02-08 00:00:00','Coordination Artistique, Production exécutive',NULL,NULL,NULL,NULL,NULL,NULL,NULL,0,NULL,'images/Upload/Event/erictruffazcover1.jpg','images/Upload/Event/erictruffaz1.jpg',NULL,NULL,NULL,NULL);
/*!40000 ALTER TABLE `event` ENABLE KEYS */;
UNLOCK TABLES;

--
-- Table structure for table `eventimages`
--

DROP TABLE IF EXISTS `eventimages`;
/*!40101 SET @saved_cs_client     = @@character_set_client */;
/*!40101 SET character_set_client = utf8 */;
CREATE TABLE `eventimages` (
  `id` int(11) NOT NULL AUTO_INCREMENT,
  `idevent` int(11) NOT NULL,
  `eventimggalerrypath` text,
  PRIMARY KEY (`id`),
  KEY `fk_event_images_1_idx` (`idevent`),
  CONSTRAINT `fk_event_images_1` FOREIGN KEY (`idevent`) REFERENCES `event` (`id`) ON DELETE CASCADE ON UPDATE NO ACTION
) ENGINE=InnoDB AUTO_INCREMENT=252 DEFAULT CHARSET=utf8;
/*!40101 SET character_set_client = @saved_cs_client */;

--
-- Dumping data for table `eventimages`
--

LOCK TABLES `eventimages` WRITE;
/*!40000 ALTER TABLE `eventimages` DISABLE KEYS */;
INSERT INTO `eventimages` VALUES (1,1,'images/Upload/Galerie/Event/transahara/1.jpg'),(2,1,'images/Upload/Galerie/Event/transahara/2.jpg'),(3,1,'images/Upload/Galerie/Event/transahara/3.jpg'),(4,1,'images/Upload/Galerie/Event/transahara/4.jpg'),(5,1,'images/Upload/Galerie/Event/transahara/5.jpg'),(6,1,'images/Upload/Galerie/Event/transahara/6.jpg'),(7,1,'images/Upload/Galerie/Event/transahara/7.jpg'),(8,1,'images/Upload/Galerie/Event/transahara/8.jpg'),(9,1,'images/Upload/Galerie/Event/transahara/9.jpg'),(10,1,'images/Upload/Galerie/Event/transahara/10.jpg'),(11,1,'images/Upload/Galerie/Event/transahara/11.jpg'),(12,1,'images/Upload/Galerie/Event/transahara/12.jpg'),(13,1,'images/Upload/Galerie/Event/transahara/13.jpg'),(14,1,'images/Upload/Galerie/Event/transahara/14.jpg'),(15,1,'images/Upload/Galerie/Event/transahara/15.jpg'),(16,1,'images/Upload/Galerie/Event/transahara/16.jpg'),(17,1,'images/Upload/Galerie/Event/transahara/17.jpg'),(18,1,'images/Upload/Galerie/Event/transahara/18.jpg'),(19,1,'images/Upload/Galerie/Event/transahara/19.jpg'),(20,1,'images/Upload/Galerie/Event/transahara/20.jpg'),(21,1,'images/Upload/Galerie/Event/transahara/21.jpg'),(22,1,'images/Upload/Galerie/Event/transahara/22.jpg'),(23,1,'images/Upload/Galerie/Event/transahara/23.jpg'),(24,1,'images/Upload/Galerie/Event/transahara/24.png'),(25,2,'images/Upload/Galerie/Event/jazzauchellah/1.jpg'),(26,2,'images/Upload/Galerie/Event/jazzauchellah/2.jpg'),(27,2,'images/Upload/Galerie/Event/jazzauchellah/3.jpg'),(28,2,'images/Upload/Galerie/Event/jazzauchellah/4.jpg'),(29,2,'images/Upload/Galerie/Event/jazzauchellah/5.jpg'),(30,2,'images/Upload/Galerie/Event/jazzauchellah/6.jpg'),(31,3,'images/Upload/Galerie/Event/nuitelectronique1/1.jpg'),(32,3,'images/Upload/Galerie/Event/nuitelectronique1/2.jpg'),(33,3,'images/Upload/Galerie/Event/nuitelectronique1/3.jpg'),(34,3,'images/Upload/Galerie/Event/nuitelectronique1/4.jpg'),(35,3,'images/Upload/Galerie/Event/nuitelectronique1/5.jpg'),(36,3,'images/Upload/Galerie/Event/nuitelectronique1/6.jpg'),(37,3,'images/Upload/Galerie/Event/nuitelectronique1/7.jpg'),(38,3,'images/Upload/Galerie/Event/nuitelectronique1/8.jpg'),(39,3,'images/Upload/Galerie/Event/nuitelectronique1/9.jpg'),(40,3,'images/Upload/Galerie/Event/nuitelectronique1/10.jpg'),(41,3,'images/Upload/Galerie/Event/nuitelectronique1/11.jpg'),(42,3,'images/Upload/Galerie/Event/nuitelectronique1/12.jpg'),(43,3,'images/Upload/Galerie/Event/nuitelectronique1/13.jpg'),(44,3,'images/Upload/Galerie/Event/nuitelectronique1/14.jpg'),(45,3,'images/Upload/Galerie/Event/nuitelectronique1/15.jpg'),(46,3,'images/Upload/Galerie/Event/nuitelectronique1/16.jpg'),(47,3,'images/Upload/Galerie/Event/nuitelectronique1/17.jpg'),(48,4,'images/Upload/Galerie/Event/nuitelectronique2/1.jpg'),(49,4,'images/Upload/Galerie/Event/nuitelectronique2/2.jpg'),(50,4,'images/Upload/Galerie/Event/nuitelectronique2/3.jpg'),(51,4,'images/Upload/Galerie/Event/nuitelectronique2/4.jpg'),(52,4,'images/Upload/Galerie/Event/nuitelectronique2/5.jpg'),(53,4,'images/Upload/Galerie/Event/nuitelectronique2/6.jpg'),(54,4,'images/Upload/Galerie/Event/nuitelectronique2/7.jpg'),(55,4,'images/Upload/Galerie/Event/nuitelectronique2/8.jpg'),(56,4,'images/Upload/Galerie/Event/nuitelectronique2/9.jpg'),(57,4,'images/Upload/Galerie/Event/nuitelectronique2/10.jpg'),(58,4,'images/Upload/Galerie/Event/nuitelectronique2/11.jpg'),(59,4,'images/Upload/Galerie/Event/nuitelectronique2/12.jpg'),(60,4,'images/Upload/Galerie/Event/nuitelectronique2/13.jpg'),(61,4,'images/Upload/Galerie/Event/nuitelectronique2/14.jpg'),(62,4,'images/Upload/Galerie/Event/nuitelectronique2/15.jpg'),(63,4,'images/Upload/Galerie/Event/nuitelectronique2/16.jpg'),(64,4,'images/Upload/Galerie/Event/nuitelectronique2/17.jpg'),(65,4,'images/Upload/Galerie/Event/nuitelectronique2/18.jpg'),(66,4,'images/Upload/Galerie/Event/nuitelectronique2/19.jpg'),(67,5,'images/Upload/Galerie/Event/jazzablanca11eme/1.jpg'),(68,5,'images/Upload/Galerie/Event/jazzablanca11eme/2.jpg'),(69,5,'images/Upload/Galerie/Event/jazzablanca11eme/3.jpg'),(70,5,'images/Upload/Galerie/Event/jazzablanca11eme/4.jpg'),(71,5,'images/Upload/Galerie/Event/jazzablanca11eme/5.jpg'),(72,5,'images/Upload/Galerie/Event/jazzablanca11eme/6.jpg'),(73,5,'images/Upload/Galerie/Event/jazzablanca11eme/7.jpg'),(74,5,'images/Upload/Galerie/Event/jazzablanca11eme/8.jpg'),(75,5,'images/Upload/Galerie/Event/jazzablanca11eme/9.jpg'),(76,5,'images/Upload/Galerie/Event/jazzablanca11eme/10.jpg'),(77,5,'images/Upload/Galerie/Event/jazzablanca11eme/11.jpg'),(78,5,'images/Upload/Galerie/Event/jazzablanca11eme/12.jpg'),(79,5,'images/Upload/Galerie/Event/jazzablanca11eme/13.jpg'),(80,5,'images/Upload/Galerie/Event/jazzablanca11eme/14.jpg'),(81,5,'images/Upload/Galerie/Event/jazzablanca11eme/15.jpg'),(82,5,'images/Upload/Galerie/Event/jazzablanca11eme/16.jpg'),(83,5,'images/Upload/Galerie/Event/jazzablanca11eme/17.jpg'),(84,5,'images/Upload/Galerie/Event/jazzablanca11eme/18.jpg'),(85,5,'images/Upload/Galerie/Event/jazzablanca11eme/19.jpg'),(86,5,'images/Upload/Galerie/Event/jazzablanca11eme/20.jpg'),(87,5,'images/Upload/Galerie/Event/jazzablanca11eme/21.jpg'),(88,5,'images/Upload/Galerie/Event/jazzablanca11eme/22.jpg'),(89,5,'images/Upload/Galerie/Event/jazzablanca11eme/23.jpg'),(90,5,'images/Upload/Galerie/Event/jazzablanca11eme/24.jpg'),(91,5,'images/Upload/Galerie/Event/jazzablanca11eme/25.jpg'),(92,5,'images/Upload/Galerie/Event/jazzablanca11eme/26.jpg'),(93,5,'images/Upload/Galerie/Event/jazzablanca11eme/27.jpg'),(94,5,'images/Upload/Galerie/Event/jazzablanca11eme/28.jpg'),(95,5,'images/Upload/Galerie/Event/jazzablanca11eme/29.jpg'),(96,5,'images/Upload/Galerie/Event/jazzablanca11eme/30.jpg'),(97,5,'images/Upload/Galerie/Event/jazzablanca11eme/31.jpg'),(98,6,'images/Upload/Galerie/Event/encore1/1.jpg'),(99,6,'images/Upload/Galerie/Event/encore1/2.jpg'),(100,6,'images/Upload/Galerie/Event/encore1/3.jpg'),(101,6,'images/Upload/Galerie/Event/encore1/4.jpg'),(102,6,'images/Upload/Galerie/Event/encore1/5.jpg'),(103,6,'images/Upload/Galerie/Event/encore1/6.jpg'),(104,6,'images/Upload/Galerie/Event/encore1/7.jpg'),(105,6,'images/Upload/Galerie/Event/encore1/8.jpg'),(106,6,'images/Upload/Galerie/Event/encore1/9.jpg'),(107,7,'images/Upload/Galerie/Event/encore2/1.jpg'),(108,7,'images/Upload/Galerie/Event/encore2/2.jpg'),(109,7,'images/Upload/Galerie/Event/encore2/3.jpg'),(110,7,'images/Upload/Galerie/Event/encore2/4.jpg'),(111,7,'images/Upload/Galerie/Event/encore2/5.png'),(112,7,'images/Upload/Galerie/Event/encore2/6.png'),(113,8,'images/Upload/Galerie/Event/encore3/1.jpg'),(114,8,'images/Upload/Galerie/Event/encore3/2.jpg'),(115,11,'images/Upload/Galerie/Event/tourneehindizara/1.jpg'),(116,11,'images/Upload/Galerie/Event/tourneehindizara/2.jpg'),(117,11,'images/Upload/Galerie/Event/tourneehindizara/3.jpg'),(118,11,'images/Upload/Galerie/Event/tourneehindizara/4.jpg'),(119,11,'images/Upload/Galerie/Event/tourneehindizara/5.jpg'),(120,11,'images/Upload/Galerie/Event/tourneehindizara/6.jpg'),(121,11,'images/Upload/Galerie/Event/tourneehindizara/7.jpg'),(122,11,'images/Upload/Galerie/Event/tourneehindizara/8.jpg'),(123,11,'images/Upload/Galerie/Event/tourneehindizara/9.jpg'),(124,11,'images/Upload/Galerie/Event/tourneehindizara/10.jpg'),(125,11,'images/Upload/Galerie/Event/tourneehindizara/11.jpg'),(126,11,'images/Upload/Galerie/Event/tourneehindizara/12.jpg'),(129,11,'images/Upload/Galerie/Event/tourneehindizara/15.jpg'),(130,12,'images/Upload/Galerie/Event/tourneeimedalibi1/1.jpg'),(131,12,'images/Upload/Galerie/Event/tourneeimedalibi1/2.jpg'),(132,12,'images/Upload/Galerie/Event/tourneeimedalibi1/3.jpg'),(133,12,'images/Upload/Galerie/Event/tourneeimedalibi1/4.jpg'),(134,12,'images/Upload/Galerie/Event/tourneeimedalibi1/5.jpg'),(135,12,'images/Upload/Galerie/Event/tourneeimedalibi1/6.jpg'),(136,12,'images/Upload/Galerie/Event/tourneeimedalibi1/7.jpg'),(137,12,'images/Upload/Galerie/Event/tourneeimedalibi1/8.jpg'),(138,12,'images/Upload/Galerie/Event/tourneeimedalibi1/9.jpg'),(139,12,'images/Upload/Galerie/Event/tourneeimedalibi1/10.jpg'),(140,12,'images/Upload/Galerie/Event/tourneeimedalibi1/11.jpg'),(141,12,'images/Upload/Galerie/Event/tourneeimedalibi1/12.jpg'),(142,12,'images/Upload/Galerie/Event/tourneeimedalibi1/13.jpg'),(143,12,'images/Upload/Galerie/Event/tourneeimedalibi1/14.jpg'),(144,12,'images/Upload/Galerie/Event/tourneeimedalibi1/15.jpg'),(145,12,'images/Upload/Galerie/Event/tourneeimedalibi1/16.jpg'),(146,12,'images/Upload/Galerie/Event/tourneeimedalibi1/17.jpg'),(147,12,'images/Upload/Galerie/Event/tourneeimedalibi1/18.jpg'),(148,12,'images/Upload/Galerie/Event/tourneeimedalibi1/19.jpg'),(149,12,'images/Upload/Galerie/Event/tourneeimedalibi1/20.jpg'),(150,12,'images/Upload/Galerie/Event/tourneeimedalibi1/21.jpg'),(151,12,'images/Upload/Galerie/Event/tourneeimedalibi1/22.jpg'),(152,12,'images/Upload/Galerie/Event/tourneeimedalibi1/23.jpg'),(154,12,'images/Upload/Galerie/Event/tourneeimedalibi1/25.jpg'),(155,12,'images/Upload/Galerie/Event/tourneeimedalibi1/26.jpg'),(156,12,'images/Upload/Galerie/Event/tourneeimedalibi1/27.jpg'),(157,12,'images/Upload/Galerie/Event/tourneeimedalibi1/28.jpg'),(158,12,'images/Upload/Galerie/Event/tourneeimedalibi1/29.jpg'),(159,12,'images/Upload/Galerie/Event/tourneeimedalibi1/30.jpg'),(160,12,'images/Upload/Galerie/Event/tourneeimedalibi1/31.jpg'),(161,12,'images/Upload/Galerie/Event/tourneeimedalibi1/32.jpg'),(162,12,'images/Upload/Galerie/Event/tourneeimedalibi1/33.jpg'),(163,12,'images/Upload/Galerie/Event/tourneeimedalibi1/34.jpg'),(164,12,'images/Upload/Galerie/Event/tourneeimedalibi1/35.jpg'),(165,12,'images/Upload/Galerie/Event/tourneeimedalibi1/36.jpg'),(166,12,'images/Upload/Galerie/Event/tourneeimedalibi1/37.jpg'),(167,12,'images/Upload/Galerie/Event/tourneeimedalibi1/38.jpg'),(168,12,'images/Upload/Galerie/Event/tourneeimedalibi1/39.jpg'),(169,12,'images/Upload/Galerie/Event/tourneeimedalibi1/40.jpg'),(170,12,'images/Upload/Galerie/Event/tourneeimedalibi1/41.jpg'),(172,12,'images/Upload/Galerie/Event/tourneeimedalibi1/43.jpg'),(173,12,'images/Upload/Galerie/Event/tourneeimedalibi1/44.jpg'),(175,12,'images/Upload/Galerie/Event/tourneeimedalibi1/46.jpg'),(176,12,'images/Upload/Galerie/Event/tourneeimedalibi1/47.jpg'),(177,12,'images/Upload/Galerie/Event/tourneeimedalibi1/48.jpg'),(178,12,'images/Upload/Galerie/Event/tourneeimedalibi1/49.jpg'),(179,12,'images/Upload/Galerie/Event/tourneeimedalibi1/50.jpg'),(180,13,'images/Upload/Galerie/Event/tourneeimedalibi2/1.jpg'),(181,13,'images/Upload/Galerie/Event/tourneeimedalibi2/2.jpg'),(182,13,'images/Upload/Galerie/Event/tourneeimedalibi2/3.jpg'),(183,13,'images/Upload/Galerie/Event/tourneeimedalibi2/4.jpg'),(184,13,'images/Upload/Galerie/Event/tourneeimedalibi2/5.jpg'),(185,13,'images/Upload/Galerie/Event/tourneeimedalibi2/6.jpg'),(186,13,'images/Upload/Galerie/Event/tourneeimedalibi2/7.jpg'),(187,13,'images/Upload/Galerie/Event/tourneeimedalibi2/8.jpg'),(188,13,'images/Upload/Galerie/Event/tourneeimedalibi2/9.jpg'),(189,13,'images/Upload/Galerie/Event/tourneeimedalibi2/10.jpg'),(190,13,'images/Upload/Galerie/Event/tourneeimedalibi2/11.jpg'),(191,13,'images/Upload/Galerie/Event/tourneeimedalibi2/12.jpg'),(192,13,'images/Upload/Galerie/Event/tourneeimedalibi2/13.jpg'),(193,13,'images/Upload/Galerie/Event/tourneeimedalibi2/14.jpg'),(194,13,'images/Upload/Galerie/Event/tourneeimedalibi2/15.jpg'),(195,13,'images/Upload/Galerie/Event/tourneeimedalibi2/16.jpg'),(196,13,'images/Upload/Galerie/Event/tourneeimedalibi2/17.jpg'),(197,13,'images/Upload/Galerie/Event/tourneeimedalibi2/18.jpg'),(198,13,'images/Upload/Galerie/Event/tourneeimedalibi2/19.jpg'),(199,13,'images/Upload/Galerie/Event/tourneeimedalibi2/20.jpg'),(200,13,'images/Upload/Galerie/Event/tourneeimedalibi2/21.jpg'),(201,13,'images/Upload/Galerie/Event/tourneeimedalibi2/22.jpg'),(202,13,'images/Upload/Galerie/Event/tourneeimedalibi2/23.jpg'),(203,13,'images/Upload/Galerie/Event/tourneeimedalibi2/24.png'),(204,13,'images/Upload/Galerie/Event/tourneeimedalibi2/25.jpg'),(205,13,'images/Upload/Galerie/Event/tourneeimedalibi2/26.jpg'),(206,13,'images/Upload/Galerie/Event/tourneeimedalibi2/27.jpg'),(207,13,'images/Upload/Galerie/Event/tourneeimedalibi2/28.jpg'),(208,13,'images/Upload/Galerie/Event/tourneeimedalibi2/29.jpg'),(209,13,'images/Upload/Galerie/Event/tourneeimedalibi2/30.jpg'),(210,13,'images/Upload/Galerie/Event/tourneeimedalibi2/31.jpg'),(211,13,'images/Upload/Galerie/Event/tourneeimedalibi2/32.jpg'),(212,13,'images/Upload/Galerie/Event/tourneeimedalibi2/33.jpg'),(213,13,'images/Upload/Galerie/Event/tourneeimedalibi2/34.jpg'),(214,13,'images/Upload/Galerie/Event/tourneeimedalibi2/35.jpg'),(215,13,'images/Upload/Galerie/Event/tourneeimedalibi2/36.jpg'),(216,13,'images/Upload/Galerie/Event/tourneeimedalibi2/37.jpg'),(217,13,'images/Upload/Galerie/Event/tourneeimedalibi2/38.jpg'),(218,13,'images/Upload/Galerie/Event/tourneeimedalibi2/39.jpg'),(219,13,'images/Upload/Galerie/Event/tourneeimedalibi2/40.jpg'),(220,13,'images/Upload/Galerie/Event/tourneeimedalibi2/41.jpg'),(221,13,'images/Upload/Galerie/Event/tourneeimedalibi2/42.JPG'),(222,13,'images/Upload/Galerie/Event/tourneeimedalibi2/43.jpg'),(223,13,'images/Upload/Galerie/Event/tourneeimedalibi2/44.jpg'),(224,13,'images/Upload/Galerie/Event/tourneeimedalibi2/45.jpg'),(225,13,'images/Upload/Galerie/Event/tourneeimedalibi2/46.jpg'),(226,13,'images/Upload/Galerie/Event/tourneeimedalibi2/47.jpg'),(227,13,'images/Upload/Galerie/Event/tourneeimedalibi2/48.jpg'),(228,13,'images/Upload/Galerie/Event/tourneeimedalibi2/49.jpg'),(229,13,'images/Upload/Galerie/Event/tourneeimedalibi2/50.jpg'),(230,14,'images/Upload/Galerie/Event/aldimeola/1.jpg'),(231,14,'images/Upload/Galerie/Event/aldimeola/2.jpg'),(232,14,'images/Upload/Galerie/Event/aldimeola/3.jpg'),(233,14,'images/Upload/Galerie/Event/aldimeola/4.jpg'),(234,14,'images/Upload/Galerie/Event/aldimeola/5.jpg'),(235,15,'images/Upload/Galerie/Event/bethhart/1.jpg'),(236,15,'images/Upload/Galerie/Event/bethhart/2.jpg'),(237,15,'images/Upload/Galerie/Event/bethhart/3.jpg'),(238,15,'images/Upload/Galerie/Event/bethhart/4.jpg'),(239,15,'images/Upload/Galerie/Event/bethhart/5.jpg'),(240,15,'images/Upload/Galerie/Event/bethhart/6.jpg'),(241,16,'images/Upload/Galerie/Event/erictruffaz/1.jpg'),(242,16,'images/Upload/Galerie/Event/erictruffaz/2.jpg'),(243,16,'images/Upload/Galerie/Event/erictruffaz/3.jpg'),(244,16,'images/Upload/Galerie/Event/erictruffaz/4.jpg'),(245,16,'images/Upload/Galerie/Event/erictruffaz/5.jpg'),(246,16,'images/Upload/Galerie/Event/erictruffaz/6.jpg'),(247,16,'images/Upload/Galerie/Event/erictruffaz/7.jpg'),(248,16,'images/Upload/Galerie/Event/erictruffaz/8.jpg'),(249,16,'images/Upload/Galerie/Event/erictruffaz/9.jpg'),(250,12,'images/Upload/Galerie/Event/tourneeimedalibi1/42.JPG'),(251,12,'images/Upload/Galerie/Event/tourneeimedalibi1/24.png');
/*!40000 ALTER TABLE `eventimages` ENABLE KEYS */;
UNLOCK TABLES;

--
-- Table structure for table `presentation`
--

DROP TABLE IF EXISTS `presentation`;
/*!40101 SET @saved_cs_client     = @@character_set_client */;
/*!40101 SET character_set_client = utf8 */;
CREATE TABLE `presentation` (
  `id` int(11) NOT NULL AUTO_INCREMENT,
  `textpresentation` text,
  `textcover` varchar(255) DEFAULT NULL,
  PRIMARY KEY (`id`)
) ENGINE=InnoDB AUTO_INCREMENT=2 DEFAULT CHARSET=utf8;
/*!40101 SET character_set_client = @saved_cs_client */;

--
-- Dumping data for table `presentation`
--

LOCK TABLES `presentation` WRITE;
/*!40000 ALTER TABLE `presentation` DISABLE KEYS */;
INSERT INTO `presentation` VALUES (1,'<p><span style=\"font-size:18px\"><strong>LAKLAK Productions</strong>&nbsp;est une agence artistique bas&eacute;e &agrave; Rabat. Dans une dynamique ded&eacute;veloppement de la sc&egrave;ne musicale au Maroc, nos m&eacute;tiers consistent en la production d&rsquo;&eacute;v&egrave;nements (concerts, festivals) et le d&eacute;veloppement de projet artistiques.</span></p>\r\n\r\n<p><span style=\"font-size:18px\">Fond&eacute;e en 2015, par Hajar Hami et Cyril Foucault,&nbsp;<strong>LAKLAK Productions</strong>&nbsp;a particip&eacute;, lors de sa premi&egrave;re ann&eacute;e d&rsquo;existence, &agrave; la mise en &oelig;uvre de 30 soir&eacute;es de concerts au travers de 15 villes marocaines, assurant notamment la coordination g&eacute;n&eacute;rale du&nbsp;<strong>Festival Jazz au Chellah &agrave; Rabat</strong>. Ces spectacles ont r&eacute;uni pr&egrave;s de 40.000 spectateurs autour de formes musicales diverses mais toujours pertinentes.&nbsp;<strong>Para One, Mehdi Nassouli, Hindi Zahra, Amine K, Imed Alibi, Majid Bekkas, Songhoy Blues</strong>... font partie des artistes &agrave; qui nous nous sommes associ&eacute;s en 2015.&nbsp;</span></p>\r\n\r\n<p><span style=\"font-size:18px\">D&eacute;but 2016, nous allons plus loin dans le d&eacute;veloppement de concepts initi&eacute;s en 2015, et organisons ainsi pour la deuxi&egrave;me ann&eacute;e cons&eacute;cutive&nbsp;<strong>la Nuit Electronique &agrave; Casablanca</strong>&nbsp;en accueillant&nbsp;<strong>Rone</strong>. Nous rejoignons &eacute;galement la production du festival&nbsp;<strong>Jazzablanca</strong>&nbsp;pour en assurer la coordination artistique. Une collaboration qui donne lieu ensuite &agrave; une relation de travail &eacute;largie aux Casa Live Sessions . En septembre 2016, nous lan&ccedil;ons et coproduisons le projet&nbsp;<strong>ENCORE</strong>, en invitant Malca pour la premi&egrave;re &eacute;dition.&nbsp;<strong>Habibi Funk</strong>&nbsp;sera le second artiste programm&eacute;, au mois de d&eacute;cembre. En parall&egrave;le, nous d&eacute;veloppons un catalogue d&rsquo;artistes que nous accompagnons dans le d&eacute;veloppement de leurs projets artistiques et initions ainsi des collaborations avec&nbsp;<strong>Meryem Aboulouafa et Ayoub El Machatt</strong>.</span></p>\r\n\r\n<p><span style=\"font-size:18px\">2017 d&eacute;marre par la poursuite de la gestion de la production des Casa Live Sessions, avec l&rsquo;accueil d&rsquo;<strong>Erik Truffaz</strong>&nbsp;&agrave; Casablanca. Le projet&nbsp;<strong>ENCORE</strong>&nbsp;poursuit &eacute;galement son d&eacute;veloppement avec le premier ENCORE + et le concert priv&eacute; de&nbsp;<strong>Bachar Mar Khalif&eacute;</strong>. Mais 2017 marque &eacute;galement une implication toujours plus forte dans&nbsp;<strong>Jazzablanca</strong>, par la gestion de la coordination g&eacute;n&eacute;rale du festival.&nbsp;<strong>La Nuit Electronique de Casablanca</strong>&nbsp;connaitra &eacute;galement sa troisi&egrave;me &eacute;dition, alors que&nbsp;<strong>Meryem Aboulouafa</strong>&nbsp;d&eacute;marre l&rsquo;ann&eacute;e 2017 par une tourn&eacute;e en Indon&eacute;sie.</span></p>\r\n\r\n<p><span style=\"font-size:18px\"><strong>LAKLAK Productions</strong>&nbsp;a &eacute;t&eacute; fond&eacute;e sur les bases de plus de sept ann&eacute;es d&rsquo;exp&eacute;rience en France et au Maroc (Universal Music France, 3 Pom Prod, Francofolies de La Rochelle, Paris Hip Hop, Mawazine, Institut fran&ccedil;ais du Maroc...) faites de multiples rencontres et collaborations artistiques. Depuis 2015, ce sont toujours plus de nouvelles collaborations qui renforcent notre expertise et notre sp&eacute;cialisation au Maroc. Nous mettons ce savoir faire au service des artistes avec qui nous collaborons, des partenaires priv&eacute;s et publics qui nous accordent leur confiance et du public que nous accueillons.</span></p>\r\n\r\n<p>&nbsp;</p>\r\n\r\n<p>&nbsp;</p>\r\n','images/Upload/presentation/8.jpg');
/*!40000 ALTER TABLE `presentation` ENABLE KEYS */;
UNLOCK TABLES;

--
-- Table structure for table `slider`
--

DROP TABLE IF EXISTS `slider`;
/*!40101 SET @saved_cs_client     = @@character_set_client */;
/*!40101 SET character_set_client = utf8 */;
CREATE TABLE `slider` (
  `id` int(11) NOT NULL AUTO_INCREMENT,
  `url` varchar(255) DEFAULT NULL,
  `title` varchar(255) DEFAULT NULL,
  `color` varchar(10) DEFAULT NULL,
  `baseline` text,
  `button` varchar(45) DEFAULT NULL,
  `hidden` int(11) DEFAULT '1',
  `urlbutton` varchar(255) DEFAULT NULL,
  PRIMARY KEY (`id`)
) ENGINE=InnoDB AUTO_INCREMENT=6 DEFAULT CHARSET=utf8;
/*!40101 SET character_set_client = @saved_cs_client */;

--
-- Dumping data for table `slider`
--

LOCK TABLES `slider` WRITE;
/*!40000 ALTER TABLE `slider` DISABLE KEYS */;
INSERT INTO `slider` VALUES (3,'images/Upload/Slider/6.jpg','LAKLAK PRODUCTIONS','#000000','Société de productions de spectacles','ON AIR',1,''),(5,'images/Upload/Slider/jumbe.png','LAKLAK PRODUCTIONS','#000000','Société de productions de spectacles','ON AIR',1,'');
/*!40000 ALTER TABLE `slider` ENABLE KEYS */;
UNLOCK TABLES;
/*!40103 SET TIME_ZONE=@OLD_TIME_ZONE */;

/*!40101 SET SQL_MODE=@OLD_SQL_MODE */;
/*!40014 SET FOREIGN_KEY_CHECKS=@OLD_FOREIGN_KEY_CHECKS */;
/*!40014 SET UNIQUE_CHECKS=@OLD_UNIQUE_CHECKS */;
/*!40101 SET CHARACTER_SET_CLIENT=@OLD_CHARACTER_SET_CLIENT */;
/*!40101 SET CHARACTER_SET_RESULTS=@OLD_CHARACTER_SET_RESULTS */;
/*!40101 SET COLLATION_CONNECTION=@OLD_COLLATION_CONNECTION */;
/*!40111 SET SQL_NOTES=@OLD_SQL_NOTES */;

-- Dump completed on 2017-04-26 16:36:03
